careers.glasswallsolutions.com,/,unknown
app.getpostman.com,/run-collection/dc8ba5f0a4ecfa29ad12,unknown
aws.amazon.com,/,unknown
aws.amazon.com,/blogs/compute/securing-credentials-using-aws-secrets-manager-with-aws-fargate/,unknown
aws.amazon.com,/cli/,unknown
aws.amazon.com,/ecr/,unknown
aws.amazon.com,/ecs/,unknown
aws.amazon.com,/fargate/,unknown
aws.amazon.com,/iam,unknown
docs.aws.amazon.com,/AmazonECR/latest/userguide/Registries.html,html
docs.aws.amazon.com,/AmazonECS/latest/developerguide/ECS_AWSCLI_Fargate.html,html
docs.aws.amazon.com,/AmazonS3/latest/dev/ShareObjectPreSignedURL.html,html
docs.aws.amazon.com,/cli/latest/userguide/cli-configure-envvars.html?icmpid=docs_sso_user_portal,html
docs.aws.amazon.com,/cli/latest/userguide/cli-configure-sso.html,html
docs.microsoft.com,/en-us/azure/storage/common/storage-sas-overview,unknown
engineering.glasswallsolutions.com,/,unknown
engineering.glasswallsolutions.com,/#!,unknown
engineering.glasswallsolutions.com,/#400-bad-request,unknown
engineering.glasswallsolutions.com,/#403-forbidden,unknown
engineering.glasswallsolutions.com,/#403-missing-authentication-token,unknown
engineering.glasswallsolutions.com,/#413-payload-too-large,unknown
engineering.glasswallsolutions.com,/#422-unprocessable-entity,unknown
engineering.glasswallsolutions.com,/#429-too-many-requests,unknown
engineering.glasswallsolutions.com,/#500-internal-server-error,unknown
engineering.glasswallsolutions.com,/#apirebuild,unknown
engineering.glasswallsolutions.com,/#apirebuildbase64,unknown
engineering.glasswallsolutions.com,/#apirebuildfile,unknown
engineering.glasswallsolutions.com,/#api-resources,unknown
engineering.glasswallsolutions.com,/#api-security,unknown
engineering.glasswallsolutions.com,/#are-there-files-which-you-cannot-rebuild,unknown
engineering.glasswallsolutions.com,/#aws,unknown
engineering.glasswallsolutions.com,/#azure,unknown
engineering.glasswallsolutions.com,/#background,unknown
engineering.glasswallsolutions.com,/#branch-policy,unknown
engineering.glasswallsolutions.com,/#ci-build,unknown
engineering.glasswallsolutions.com,/#complete-works-of-shakespearejpg,unknown
engineering.glasswallsolutions.com,/#create-an-ecs-cluster,unknown
engineering.glasswallsolutions.com,/#create-a-service,unknown
engineering.glasswallsolutions.com,/#create-the-container-image,unknown
engineering.glasswallsolutions.com,/#create-the-image-registry,unknown
engineering.glasswallsolutions.com,/#creating-a-cluster-with-fargate-task-using-the-aws-cli,unknown
engineering.glasswallsolutions.com,/#deploy-build,unknown
engineering.glasswallsolutions.com,/#deploy-to-fargate,unknown
engineering.glasswallsolutions.com,/docs/careers/rules-of-engagement,unknown
engineering.glasswallsolutions.com,/docs/guides/aws-fargate-container-deployment,unknown
engineering.glasswallsolutions.com,/docs/guides/ci-cd-pipeline,unknown
engineering.glasswallsolutions.com,/docs/guides/file-rebuild-how-it-works,unknown
engineering.glasswallsolutions.com,/docs/GW_Security/Security_Main,unknown
engineering.glasswallsolutions.com,/docs/product-descriptions/product-overview,unknown
engineering.glasswallsolutions.com,/docs/products/cloud-sdk/architecture/rebuild-architecture,unknown
engineering.glasswallsolutions.com,/docs/products/cloud-sdk/authentication/authentication-base,unknown
engineering.glasswallsolutions.com,/docs/products/cloud-sdk/cloud-sdk-faq,unknown
engineering.glasswallsolutions.com,/docs/products/cloud-sdk/cloud-sdk-supported-types,unknown
engineering.glasswallsolutions.com,/docs/products/cloud-sdk/rebuild/code-samples/csharp-example,unknown
engineering.glasswallsolutions.com,/docs/products/cloud-sdk/rebuild/code-samples/nodejs-example,unknown
engineering.glasswallsolutions.com,/docs/products/cloud-sdk/rebuild/code-samples/python-example,unknown
engineering.glasswallsolutions.com,/docs/products/cloud-sdk/rebuild/rebuild-api,unknown
engineering.glasswallsolutions.com,/docs/products/cloud-sdk/rebuild/rebuild-content-management,unknown
engineering.glasswallsolutions.com,/docs/products/cloud-sdk/rebuild/rebuild-errors,unknown
engineering.glasswallsolutions.com,/docs/products/cloud-sdk/rebuild/rebuild-quickstart,unknown
engineering.glasswallsolutions.com,/docs/products/cloud-sdk/sample-files,unknown
engineering.glasswallsolutions.com,/docs/products/cloud-sdk/secure-url/using-secure-urls,unknown
engineering.glasswallsolutions.com,/docs/products/cloud-sdk/security/cloud-sdk-security,unknown
engineering.glasswallsolutions.com,/docs/use-cases/overview,unknown
engineering.glasswallsolutions.com,/#do-you-store-the-original-files-i-send,unknown
engineering.glasswallsolutions.com,/examples/Rebuild_Example_Image_That_Rebuilds.bmp,bmp
engineering.glasswallsolutions.com,/#example-usage,unknown
engineering.glasswallsolutions.com,/#faq,unknown
engineering.glasswallsolutions.com,/#file-in-http-request-multipartform-data,unknown
engineering.glasswallsolutions.com,/#file-in-via-authenticated-urls,unknown
engineering.glasswallsolutions.com,/#gated-build,unknown
engineering.glasswallsolutions.com,/#how-it-works,unknown
engineering.glasswallsolutions.com,/#hyperlinks-in-a-powerpoint,unknown
engineering.glasswallsolutions.com,/#i-am-receiving-429-responses-what-does-this-mean,unknown
engineering.glasswallsolutions.com,/#javascript-and-embedded-files-in-a-pdf,unknown
engineering.glasswallsolutions.com,/#macro-that-opens-the-calculator-app-ms-excel,unknown
engineering.glasswallsolutions.com,/#macro-that-opens-the-calculator-app-ms-word,unknown
engineering.glasswallsolutions.com,/mailto:careers@glasswallsolutions.com,unknown
engineering.glasswallsolutions.com,/#metadata-in-a-word-document,unknown
engineering.glasswallsolutions.com,/#prerequisities,unknown
engineering.glasswallsolutions.com,/#push-the-image,unknown
engineering.glasswallsolutions.com,/#push-to-amazon-ecr,unknown
engineering.glasswallsolutions.com,/#rebuild-base64-endpoint,unknown
engineering.glasswallsolutions.com,/#rebuild-file-endpoint,unknown
engineering.glasswallsolutions.com,/#rebuild-url-to-url-endpoint,unknown
engineering.glasswallsolutions.com,/#references,unknown
engineering.glasswallsolutions.com,/#register-a-task-definition,unknown
engineering.glasswallsolutions.com,/#repo-security,unknown
engineering.glasswallsolutions.com,/#request-body,unknown
engineering.glasswallsolutions.com,/#request-body-1,unknown
engineering.glasswallsolutions.com,/#request-body-2,unknown
engineering.glasswallsolutions.com,/#request-headers,unknown
engineering.glasswallsolutions.com,/#request-headers-1,unknown
engineering.glasswallsolutions.com,/#request-headers-2,unknown
engineering.glasswallsolutions.com,/#security-standards---aws-benchmark,unknown
engineering.glasswallsolutions.com,/#setting-up-serverless-framework,unknown
engineering.glasswallsolutions.com,/#setup-networking,unknown
engineering.glasswallsolutions.com,/#solution-overview,unknown
engineering.glasswallsolutions.com,/#steps,unknown
engineering.glasswallsolutions.com,/#the-endpoint,unknown
engineering.glasswallsolutions.com,/#the-endpoint-1,unknown
engineering.glasswallsolutions.com,/#the-endpoint-2,unknown
engineering.glasswallsolutions.com,/#unable-to-rebuild---corrupted-jpg,unknown
engineering.glasswallsolutions.com,/#vulnerability-testing,unknown
engineering.glasswallsolutions.com,/#what-if-i-send-a-file-you-do-not-support,unknown
engineering.glasswallsolutions.com,/#what-is-it,unknown
engineering.glasswallsolutions.com,/#what-is-the-maximum-size-of-file-you-support,unknown
filetrust.github.io,/cloudsdk-aws-rebuild-api/#/,unknown
github.com,/filetrust,unknown
github.com,/filetrust/c-icap,unknown
github.com,/filetrust/c-icap/blob/master/Documentation/building_icap_docker_image.md,unknown
glasswall-store.com,/,unknown
glasswall-store.com,/products/glasswall-rebuild-cloud-in-shared-cloud-environment?variant=33476559274124,unknown
gw-demo-sample-files-eu1.s3-eu-west-1.amazonaws.com,/Complete+works+of+shakespeare+hidden+zip_Polyglot_image.jpg,jpg
gw-demo-sample-files-eu1.s3-eu-west-1.amazonaws.com,/Contains+Meta+data_Meta+Data_MS+Word+2003+and+later.docx,docx
gw-demo-sample-files-eu1.s3-eu-west-1.amazonaws.com,/Contains+Meta+data_Meta+Data_MS+Word+97+2003v2.doc,doc
gw-demo-sample-files-eu1.s3-eu-west-1.amazonaws.com,/Execute+Java+Script_JS_PDF.pdf,pdf
gw-demo-sample-files-eu1.s3-eu-west-1.amazonaws.com,/External+Hyperlink+to+google_Hyperlink_MS+Powerpoint+2003+and+later.pptx,pptx
gw-demo-sample-files-eu1.s3-eu-west-1.amazonaws.com,/External+Hyperlink+to+google_Hyperlink_MS+Powerpoint+97+2003.ppt,ppt
gw-demo-sample-files-eu1.s3-eu-west-1.amazonaws.com,/MacroRunCalculator.docm,docm
gw-demo-sample-files-eu1.s3-eu-west-1.amazonaws.com,/Opens+calculator+app_macro_MS+excel+2003+and+later.xlsm,xlsm
gw-demo-sample-files-eu1.s3-eu-west-1.amazonaws.com,/Opens+calculator+app_macro_MS+excel+97+2003.xls,xls
gw-demo-sample-files-eu1.s3-eu-west-1.amazonaws.com,/Unable+to+Rebuild_PNG+magic+No.jpg,jpg
medium.com,/@absi81/were-hiring-calling-appsec-engineer-c1616a0639bd,unknown
medium.com,/glasswall-engineering,unknown
medium.com,/glasswall-engineering/want-to-be-an-sre-join-glasswall-a4b10ab94220,unknown
medium.com,/glasswall-engineering/were-hiring-calling-devops-sre-and-team-leads-407d02151abb,unknown
re.glasswallsolutions.com,/,unknown
ackoverflow.com,/questions/tagged/glasswall,unknown
witter.com,/glasswallglobal,unknown
www.cisecurity.org,/about-us/,unknown
www.linkedin.com,/company/glasswall-solutions-limited/,unknown
www.serverless.com,/framework/docs/,unknown